-3.926799103795318435e-02,1.319117557874122104e-01,-2.112059836315199890e-01,-1.214147395154729914e+00,1.050044668180402319e+00,-4.213275873246805081e-01,7.687706443994749561e-01,8.756956787795067143e-01,2.451229719075076030e+00,-4.802420417382233242e-01,-2.132641055314083989e+00,-5.232509433848950842e-01,7.086952731104265713e-01,-1.980565591068939701e+00,-1.365162877225168714e+00,-9.489328108497634418e-01,1.947098642820357828e+00,1.976989014998052685e+00,1.021224743167163052e+00,-4.693107362791067438e-01
7.741606098188164031e-01,1.049071650855127186e-01,-3.328117648522095906e-01,-1.270349862971720478e+00,3.791128277285916170e-01,-8.228283242942817655e-01,-6.126257388749356547e-01,1.496139636951631990e+00,5.684589189242769125e-01,-4.674931736578534780e-01,-1.801707929908805239e+00,-8.624932997247338751e-01,-6.311919417468571103e-01,1.339129226154759100e-01,-9.724028893524976347e-01,-7.744589687708258730e-01,1.346221073222300113e+00,1.267804399213857236e+00,6.225191403049976646e-01,-1.490265387907298233e+00
-1.485770335470271673e-02,6.705704503109098935e-01,-2.141666562000842378e-01,2.502022685945151093e-01,5.548937069062941790e-02,-1.566994710861602469e+00,3.976673458649516990e-02,2.656879749662359180e-01,1.849591246679636480e+00,7.199837301431654124e-01,2.771360265873167306e-01,-1.102906212955369725e+00,1.927938451307721623e-02,-7.075056975105769030e-01,7.231004937377981667e-01,8.214059370248112391e-01,2.461212524791161690e-02,-1.048620231983361517e-01,-1.016972745548715973e-01,-4.513030371025261167e-01
3.890870585621503119e-02,-1.557998528183396347e+00,-2.454942364237903615e-02,2.165434471221857615e-01,6.527397921673575021e-02,-6.755938276300630374e-01,8.449956030008372032e-01,2.042072149826954064e+00,-1.102230190907090623e+00,-1.692370437474108424e+00,2.295539000122873985e-01,7.293463462804261610e-01,-2.987596005699359458e-01,-5.070347697653374563e-01,3.811800017940036173e-02,6.265642507453605958e-01,-5.789181399432078434e-01,-7.156025619387396119e-02,6.991361537186937536e-01,-9.933613754231354065e-01
9.364457258311158494e-01,1.265077838088765949e+00,-5.102927396336285337e-01,-6.830493560168442446e-01,-1.127849036886184653e+00,6.799748442451023500e-01,-7.049213525074449205e-01,-2.903971008038667700e-01,-3.868708468506465437e-01,-8.031413873416283211e-01,-1.735694968155281070e-01,-4.643376914354916396e-01,-5.525406734167291889e-01,2.114970127318780146e-01,1.327782695957983039e+00,-3.509517686967038308e-02,-1.012814862173993524e-01,-8.002210588472311592e-01,1.021790585588673084e+00,-6.963266538610828338e-01
-1.054628463985013864e+00,4.631303293186070924e-01,2.412453679543748564e+00,-1.366720111082726064e+00,-1.763997389465261412e+00,2.021043561484797468e+00,3.389041252159445405e-01,-2.201441285500557843e+00,-5.028167006425382501e-01,-5.175190425104032599e-01,-6.415151124325394472e-01,-9.788298593587698715e-01,1.813384292178212842e-01,2.790957643924534270e-01,1.993001968964651927e-01,8.202478373246812060e-01,-5.060354096166589516e-02,-1.052865977807789344e+00,-4.391895218021479308e-01,-4.688641879667956314e-01
3.517801106813582823e-01,-4.700328827008747878e-01,-3.791475628799227393e-01,-1.590275243104780634e-01,-2.234606991722900116e+00,-1.785890920873291488e-01,-9.301565025243212492e-01,4.173188210318354852e-01,1.151478731400921579e-01,-1.405962916267899265e+00,1.137127777378623694e+00,-5.900576458695396820e-01,-1.660699811869263298e+00,-2.167314705755386262e-01,-9.443684908242938603e-01,3.792355335355867552e-01,2.381031478323121231e-01,-2.380763938123807932e+00,-1.104894050659278315e-01,-1.550429345083480959e+00
-4.832495424791073968e-01,1.040086245053703173e+00,1.041568388818581825e+00,-1.189862659278647206e+00,-3.306875082574696756e-01,1.473764815138404849e+00,8.851875412089272865e-01,1.171041064620488292e+00,1.546688336463321878e-01,-5.226194163984779761e-01,-1.278059889065437105e+00,1.042977594646375961e+00,-5.072344618949226058e-01,1.646438095263976220e-01,-3.265609776792077201e-01,2.571182431510025176e-03,-8.209882269614044575e-03,4.243450810637113824e-01,4.140913537935950739e-01,3.890939688657205631e-01
9.866745381579566931e-02,1.059027254441966326e+00,-3.981481287500751032e-01,1.795745907673443664e+00,2.762538650481860536e+00,1.257219650828994117e+00,-8.552404572508641722e-01,-1.309412146331014215e+00,1.355442702594418236e+00,1.052321370592758515e-01,5.772885191549087525e-01,-9.165940810038318565e-02,-9.211211469195591806e-02,-1.022564391260685657e+00,8.178618311849957800e-01,1.971810551973673942e-01,2.382001920220386260e-01,1.878348872411073955e+00,3.126754702756948112e-02,-1.482883357574042549e+00
-1.006036857920391547e+00,-1.548254322849042408e+00,1.614249547280227404e+00,8.504116645498018823e-01,3.216939126061468257e-01,-1.003935034013660188e-01,1.260568845042149277e+00,-1.472322928466489600e+00,2.273459501434809960e-01,-1.797455804366897558e+00,8.624849330033639294e-01,-1.063432938154606822e+00,-5.643179096824889607e-01,5.319746390071913300e-01,9.132019242521776103e-01,-8.215498256031326108e-01,2.211304333239493047e+00,-2.083118030570509926e-01,-6.795930425441440992e-01,-4.003488150134233980e-01
7.666631816450860670e-01,-1.768538450677030749e+00,1.420618051872356569e-01,-7.809106837432410186e-01,1.195919049893807928e+00,5.892558918162996151e-02,8.145198224878663629e-01,-8.076484876163556592e-01,3.708250012811020735e-01,-3.091144447717087962e-01,-1.682499222540896344e+00,-2.334666615436927217e-01,6.845011068591904113e-01,3.554817927437690650e-01,-1.446534699563387871e+00,3.562928174722889141e-01,8.002979493400275146e-01,1.850823915061038161e+00,1.732721186919133238e+00,-1.850536710093415305e-01
1.078197303714237831e+00,1.181378601288285868e+00,-4.459542645585702625e-02,-1.850168527344012048e+00,-4.331054510250070599e+00,9.632135592119682455e-02,1.639285724525866295e-01,-2.675947462353476802e-01,2.011256681463136964e+00,-2.364173817141180134e+00,2.918193578501603880e-01,2.033418170524324900e-02,-7.615733882565589585e-01,-6.319037580051672931e-01,-6.780257815644503694e-01,-2.559184666344096470e+00,1.297845790651098730e+00,-3.587546223947115642e+00,-1.347925422629120407e+00,9.424681192203937519e-01
5.157494276988904003e-02,-8.483205228052325131e-01,3.280874761371180282e-02,7.643895292440813227e-01,-1.532977065127237859e-01,3.114470715541555190e-01,4.704331448464818544e-01,-3.698011663038032193e-01,-7.496903447028966383e-01,4.064154936762062187e-01,1.039439074006762498e+00,-1.931767015498399021e-01,-5.391326367529899466e-01,-3.256694688201741683e-01,9.725357891425369106e-01,8.672766288084278186e-01,2.133868247204537383e+00,-6.795980112953545760e-01,7.557402888945425889e-01,2.395827598563913252e-01
1.950696971513811717e-01,-7.290446587946957102e-01,-1.118311924321632178e+00,-4.379331629110856383e-01,-1.379770136484806065e+00,6.168865543932787743e-01,3.547576931132180866e-01,5.270042084546596728e-01,-8.056265075393678199e-01,3.700572191014953050e-02,2.808211117074704277e-01,7.679024077327036846e-01,-3.638588099707898982e-01,1.965574007287849145e-01,4.537819126356840149e-01,-1.781562855705591364e+00,-1.829740411004531442e+00,-1.243781263841586604e+00,5.898798207345194999e-01,8.627898917576322380e-03
-1.435795117163205514e-01,3.595043995710101581e-01,2.407875097419384380e-01,2.027512477119931766e+00,8.508919440196762718e-01,1.064585136127851772e+00,-3.615992807816197918e-01,4.331079531513436498e-01,-7.994223995430965735e-01,1.385261546722230452e+00,2.006184056985009345e+00,-3.030982534240727055e-01,1.787928657331798454e-01,-1.445668169337359366e-01,-4.059417271884834255e-01,-3.820254489503835948e-01,7.243685048699644025e-01,-4.032571038523639073e-01,4.410329072731513644e-01,-9.378802311514516932e-01
1.592770754417483614e+00,3.083312459593452459e-01,2.587164402297460475e-01,1.350814906056255316e+00,6.334203305402285045e-01,-8.402903954793065067e-01,-3.119761079162129414e-01,1.681576716267327631e+00,-7.466797825114956932e-02,3.658487879168582091e-01,1.296884427177926735e+00,1.297825266973585467e+00,2.759355114021582178e+00,-1.378083467064077139e+00,-7.922866618061449318e-01,-2.585726316767712474e-01,-5.316059080114549085e-01,-1.946438593110738635e-01,4.811151263888354124e-01,-1.006831752298983806e+00
-4.990166379941828878e-01,-9.191134448699437298e-01,1.484495813800780772e-01,1.699891247310895359e+00,-4.756834722241752300e-01,-1.791327548041183659e+00,-3.650552165462576659e-01,-3.175430939301992495e-01,4.768983689222224265e-01,1.489355962074480288e+00,2.392036651522201129e+00,5.213037482757136853e-01,-1.341496725583042560e+00,1.927538490652161707e-01,-1.632423302067983251e+00,2.135122384354860847e-02,-6.713415461452176825e-02,-1.661300524896818231e+00,6.119271927311578096e-01,-5.858655113386084662e-02
1.833391992576012541e-01,-5.613302044875711355e-02,1.367597239806713549e+00,-1.121329741692842497e-01,-8.823427119840230315e-01,-1.174745464181114751e-01,-6.872990371566635170e-01,-3.702424407043429233e-01,-9.038200727694681302e-02,-9.180047698190454408e-01,3.878131992172802467e-01,2.524966270768724264e-01,1.359948541679484313e+00,-1.385042735095726001e-03,-4.538040410520010615e-01,1.670943032788857252e+00,4.032645401632468096e-01,-9.071974278788116353e-01,8.203217972614217368e-01,4.661664260340307453e-01
2.804417053162959750e-01,8.416312640736364203e-01,-1.656715102321953736e+00,-4.612201295017609448e-01,-3.598651689049954250e+00,4.938367762809563466e-01,4.949498165009073858e-02,-1.570623408633452733e+00,3.863055184018809873e-02,-1.698105819432254471e+00,1.576887564565800925e+00,3.872804753950633838e-01,-1.022506843635603513e+00,-2.494585801609488507e-01,-2.069036761639717337e-01,-9.931236109295806802e-01,8.801789120807822497e-01,-3.697435997689163312e+00,-2.255564229402189369e+00,6.433144650629278871e-01
-2.852886983441639893e-02,-5.288698535561152658e-01,-2.008085139956655718e-01,-2.682252643663884939e-01,-1.192661181433595924e-01,1.463044460010442527e-01,5.665453158182124360e-01,-7.379317802412298510e-01,2.680570840769000540e+00,6.878813911747545529e-01,-2.614033916761355769e-01,4.985726659982264719e-02,9.076987979878986534e-01,1.737118529870234351e-01,-1.203735192199779425e+00,-3.247302650829599902e-01,4.170435029676035632e-01,4.589310082573394567e-02,1.348035780424718721e+00,4.987269583119319782e-01
5.989468311627604846e-02,-7.621145119224981279e-01,-1.541587399671787484e+00,3.359732534867541531e+00,3.973697468640253194e-01,-5.256405931019396682e-01,9.363985435524595502e-01,-8.014968853943748028e-01,-8.565493082342094944e-01,9.304084961111163121e-01,3.929047275333263034e+00,-1.753164023270199490e-01,1.997956079750004665e+00,-8.877801366359353574e-01,-6.471814318477606687e-01,-2.125230447703091996e-01,4.722471500878487327e-01,-1.795063446209673286e+00,-1.421919871640436872e+00,2.711701846373109070e-01
-9.711706648243907392e-01,2.488441614331128093e+00,-1.629583602748438276e+00,2.729906061625347879e-01,-1.251983791658290157e-01,1.833435361815678455e+00,1.418066391534544557e-01,-4.772862704032293513e-01,6.041367404426841725e-01,-9.831181837457076966e-01,4.132880295818494587e-01,-8.983219714320159754e-01,-1.846531981664673028e+00,1.695969533014169306e+00,4.663795743819788564e-01,1.426316860787027352e+00,-9.439250641118496210e-02,-3.211053667726502248e-01,8.020517387405159404e-01,3.557035157239844536e-01
-1.310540115414123297e-01,-1.951804101481602105e+00,-1.084036620671934514e+00,-1.100741982093943472e+00,-2.959588259846667402e+00,7.849575212405001112e-01,-1.139802455426774053e+00,-4.706376581547914162e-01,-2.195410283312132504e-01,-3.923889981496367363e-01,4.022323367243113013e-01,-3.046143054799926642e+00,4.390429576720425442e-01,-6.598917297294979445e-01,-2.169495699366489894e-01,1.133079879559721892e+00,4.453932508947973101e-01,-2.560429751614328620e+00,5.433118913875196743e-01,-5.543096265713008952e-01
-1.018041875287364784e+00,3.827324300122681433e-01,-1.968624689786020232e+00,-2.472634940020718375e+00,-1.916925819699851319e+00,-2.342158013445365394e-01,1.096346845665798542e+00,-5.812684768603252339e-01,-1.332211654594501749e+00,-1.179157930637687812e+00,-1.921617204835946335e+00,1.301428071664760822e+00,1.374964066392989848e+00,-3.424228053195386978e-02,-1.632634526234495231e+00,-7.785475594085075612e-02,-1.567767724308454014e+00,-4.866124615975360168e-01,8.952602728899299311e-01,-3.474506524985632727e-01
1.584820527349017905e+00,-1.139008193116965328e+00,5.629897185861277853e-01,-1.115734232222684641e+00,6.207167434763820602e-01,-8.779706165358701631e-01,8.709617821716195696e-01,6.164593126261552758e-01,7.519465876771956880e-01,1.914508720239117834e-01,-1.754239836224513516e+00,8.805111991771105151e-01,8.595197343438468196e-02,-1.214401382959259035e+00,5.365965205668234983e-01,6.479677910098883276e-01,4.046954556143003146e-01,1.433701213213119274e+00,-4.540803625156051293e-01,1.296149867527883304e+00
2.195095557930452634e-01,-9.389815726777852589e-01,2.380745351219750283e+00,2.482067293662461038e-01,-3.095907315896896939e-01,3.960865849565601837e-01,1.422983496516106117e+00,1.124419184510368153e+00,-3.576807186022112894e-02,-6.564636749715314634e-01,4.926589443964751180e-01,-2.834554505274702318e+00,-1.610878403449933716e+00,1.017020991413244646e+00,7.553956956633383069e-01,3.930629339800916222e-01,8.674074113549179454e-01,-5.097927128625587834e-01,2.116791021483675372e+00,-5.914026678081107935e-01
-1.613735362777791726e-01,2.750970202983580096e-02,-5.110404635801097939e-01,8.566996977399312652e-01,1.140320833086349017e-01,1.367414982460158468e+00,-1.049797010189535557e-01,1.536444608156663783e-01,-1.619359982897542460e+00,-1.212867816209024729e+00,9.942821241511963226e-01,2.837695543833455014e-01,-1.158203185184028872e+00,2.232016389525177669e+00,-1.584473563150935460e+00,1.794448805225073551e+00,8.444543066045863133e-01,-4.435841868852139491e-01,-2.821958766904351101e-01,-1.655344038309677801e+00
-5.746951846539464365e-02,9.409176145751133591e-01,1.681921740073137661e+00,9.550838772751624184e-01,-8.859212524813400158e-01,-2.619223734425048244e-02,4.980524046828567197e-01,-1.124659825595527157e-01,-6.677127205705589708e-01,1.011842432994189078e+00,1.713380667278391556e+00,-6.579510447611686130e-01,1.735878997685713188e+00,4.052040803228880717e-01,-5.324899192090677413e-01,-3.912170521740162554e-01,6.450552734598768989e-01,-1.621842124356373205e+00,4.683852342770516430e-01,-1.688230027771432162e+00
-1.014825907734441035e+00,9.214083978105812589e-01,7.821118109215217939e-02,-1.069382886775273045e+00,-2.650302736268298487e-01,-1.325680146537180359e-01,9.237965603139468573e-01,-1.998639475583372738e+00,2.171796326382801345e-01,8.245572195642364433e-01,-1.167861154165107607e+00,5.311783665356952788e-01,-2.717715664906966699e-01,4.608144771488305036e-01,-1.146000426507443271e+00,-6.023318535828621201e-01,4.706609465849369289e-02,4.171803637611743998e-01,-1.282419740277020159e-01,-2.890052109542329828e-01
2.594424587768151991e+00,-1.461732688261408120e+00,-2.047323613057961733e+00,1.910028585943238433e+00,-8.351013526293584732e-01,1.903115575939396953e-01,3.675448960222690298e-01,1.822723600127959420e+00,1.030438267415604736e+00,9.606933984606597088e-01,2.867239546533001171e+00,1.329062846539682319e+00,-1.401347293039310493e+00,-6.834397667886817906e-01,-5.215796779933731253e-01,-4.040322938509371409e-01,-1.184686590411551999e+00,-2.201190161205693663e+00,-8.174930976162264606e-01,-8.517291972535899758e-01
5.290452383344316223e-01,-1.359780725503813681e+00,7.858038268311725583e-01,1.274583638138468311e+00,-1.503283196868372196e+00,-5.008409428482209214e-02,-7.578708604251660486e-01,1.312470367140996297e+00,1.411172063889611694e+00,7.458640654355352950e-02,2.478225544122822921e+00,-1.077099069403994802e+00,-8.299645975379619234e-01,-4.140081155796743184e-02,-8.589723884443423163e-01,4.226286217088256469e-01,-8.989421564655359909e-01,-2.521595500208223761e+00,-4.246633024328657080e-01,-8.974009269018304868e-01
1.565065379653755862e-01,-5.973160689653627120e-01,-3.972718143287976567e-01,-3.198263394150647976e+00,-3.043733068054326196e+00,-4.933198833621940671e-01,-1.424060908982531570e+00,4.160500462614254991e-01,-6.374370255522290307e-01,1.494484544491368805e+00,-2.148610120089930575e+00,-2.069985025013532542e+00,6.769080350302455473e-01,-2.379217297360070038e-01,-1.156182431821912715e+00,2.321810362002757755e-01,7.811981017099933755e-01,-1.257320689183597739e+00,4.262587307781009471e-01,-5.428614760167177478e-01
-7.727718829782020959e-01,-1.252593341503319024e+00,4.113342428976086151e-01,-6.152930095528339471e-01,-1.144624751110410621e+00,3.718110814974934786e-01,-4.576405942895259704e-01,9.623417448143452013e-01,-1.808143926498251508e+00,3.903649435086223862e-01,-7.952928105950476945e-02,1.588530691097532532e+00,7.747283190671621078e-01,-5.863200252111323563e-01,7.708369604049366552e-01,8.820565993630106183e-01,2.431682154024917275e-01,-8.640081290830174954e-01,-5.109261812322630769e-01,4.573096467208112581e-01
-1.057473647801530081e+00,2.673838267463693116e-02,7.790512201329915509e-01,3.862742187863963839e+00,4.677830701373435041e+00,2.727963895302641384e-01,-4.707424981827272314e-01,-2.789142751032397949e-01,-3.634377801160513788e-01,-4.287020655858288509e-01,1.996858275326027776e+00,-6.378405564735842859e-01,-1.265693316393898538e-01,1.834502535815762947e-01,1.431567757449290879e+00,-5.559850318789673063e-01,1.462214170780419487e+00,2.633259135331713630e+00,-1.664172985166173513e+00,8.179776072548057275e-01
1.034409886481518104e+00,-1.217938511593150919e+00,-1.318395869644734208e+00,1.220069973820164577e+00,-1.324112474714045015e-02,-7.228700756000490391e-02,1.028935492594854173e+00,1.552243180048560767e+00,-6.727560892298173334e-02,3.171606262926887632e-01,1.520886794203855530e+00,5.200406145708678096e-01,4.497121002319925398e-01,-3.049636378544204329e-01,2.869044880033463918e-01,-9.962126403710661604e-01,-2.320594275790741623e+00,-8.271824743359712517e-01,2.256086544711037867e-01,-6.006575576577884990e-01
3.305767562743739951e-01,-1.502396569381712732e+00,2.132153410570443608e+00,2.172617845132284176e-01,-2.939883824642022803e-01,1.090749734434500073e+00,-5.327027919795545019e-01,-7.946363210714987302e-01,2.348215259487319018e-01,-1.444940199073371678e+00,4.449683289571199629e-01,-1.210542994123351646e+00,1.094638374712091355e+00,-1.777666954733706284e+00,1.979672899449674561e-01,9.492464735582356594e-01,1.081935218477265259e+00,-4.718241674174252775e-01,-7.886692545093662021e-01,-3.462494476473099714e-01
9.667680111664601617e-01,-7.554627263656333858e-01,3.077325746794319916e-01,-1.129331075879777435e+00,-5.783881495013517421e-02,-5.375833685580618804e-01,5.232617386880769050e-01,1.576298972627717676e+00,2.072707469736186359e-01,1.606611898197728150e-01,-1.365920179960475656e+00,-9.526449528153877466e-01,-5.615787496032208503e-01,-1.201201519017389252e+00,5.023282400747796084e-01,5.080679093914777233e-01,-8.622669997532367292e-01,6.876617604053403277e-01,1.608522155948723720e+00,9.920486253150243017e-02
-1.147753247707981733e-01,-1.370759982543060529e+00,-9.646064242062639682e-01,5.239026177481980184e-01,-1.458991620264187494e+00,-6.313759884493888030e-01,1.081376034458189750e+00,-8.781903428100731324e-01,1.326461642365693416e+00,-2.224770102429202978e-01,1.520876082712062427e+00,-8.589199078076715788e-01,-1.794229271489721000e+00,8.656529228158532652e-01,6.993804835878171255e-01,3.087512418366131217e-01,-1.061222287445909185e+00,-1.972427560720223294e+00,5.095427701128949632e-02,-2.413377914531045498e-01
-1.011774084105488525e+00,-1.606439689449832731e+00,4.770680923568652587e-01,1.987646698750207719e+00,2.785618505313170790e+00,7.574683300614039050e-01,1.866683148331627073e+00,1.238006935958439803e+00,-9.680821176645779680e-01,6.234536094243824378e-01,8.014786986933156721e-01,8.906716814313947461e-01,-2.541238807688224632e+00,-1.373053536041928480e+00,-1.040599230085144988e+00,8.496813703770766946e-02,-3.156031233858582197e-01,1.776244790630496784e+00,5.129168468277763848e-01,-1.005647186901453827e-02
6.081564276006414804e-01,1.433352502881991786e+00,1.264983329856256056e+00,-1.258608594846325923e+00,-9.175155960168717151e-01,-5.992242774597194011e-01,4.355461592956536010e-01,-8.541612608143545060e-01,-1.348413087756120010e+00,-1.560238909972873622e-01,-1.012901866588392652e+00,1.049093187920010273e+00,1.894996375479134632e-01,4.183980113091925190e-01,-7.199405321418946846e-01,1.114962322947402162e+00,-8.935744023141912740e-01,-1.828965221724683232e-01,3.170974773290179627e+00,3.308975113876019836e-02
2.891205052788121677e-01,-1.983988968200457448e-01,2.390336012467648985e-01,1.338281804120474261e+00,-8.534109029742932562e-02,-3.581140754798567416e-01,-1.147610944843135306e+00,8.924738873315303245e-01,-4.932407014757259067e-02,2.280533251240672021e-01,1.710531029284841242e+00,2.014799467044328662e-01,-1.818077630383569510e+00,9.419230031014656779e-02,-4.223148241252707158e-01,4.128708204461746800e-01,1.047140294332843252e-01,-9.861325665504174776e-01,5.407735853003902138e-01,5.559626797097979578e-01
-1.446577890035894320e+00,9.605572244572283536e-01,-1.741022808358901441e+00,-8.955262089440741979e-01,-2.203098686670774964e-01,-1.098570727555329585e+00,-5.494985463040402696e-01,1.170908721554419496e-01,-2.916419863518445732e-01,4.348079577311579347e-01,-9.789691163230871407e-01,5.400944605248059194e-01,-3.752224007606727030e-01,2.258404786026901034e-01,5.342011708457714558e-01,-1.582685641802789034e+00,3.178850972381815909e-01,3.511734130702196532e-01,7.324240097548762041e-01,2.320799839280298205e+00
-1.373042550950895224e+00,1.761266127419863103e+00,-3.093775928833613631e-01,8.514403620513100179e-01,2.689134716018991789e+00,-3.903926939855080769e-01,-6.250273906846712801e-01,-6.555450294843581105e-01,2.847905991343631649e-01,-3.574273354817348453e-02,-5.498915480430561775e-01,3.360157426619921339e-01,-2.721317560182082151e-01,7.540956636562426985e-01,6.751685717432485967e-02,-1.067742011019106485e+00,7.776041379029120515e-01,2.425480848650625632e+00,8.864915393596158877e-01,1.125575309064542895e-01
-2.239604058661736730e+00,1.224870564193659694e+00,-4.438360931551977862e-01,5.710681973205788964e-01,-7.659970564179889863e-01,-5.854312042777726210e-01,-1.279689173204239472e+00,-1.822447837899429379e-01,-3.846454231425177617e-01,2.134800489101688903e-01,1.165562375383775606e+00,-1.208573653733221231e+00,1.518261170355705403e+00,6.485610634357617810e-02,-2.028968407666670581e-01,4.014990550902874933e-01,-1.098827793093137967e-01,-1.232673956154852979e+00,-2.420198298702194994e-01,-2.616454457109007037e-01
-8.791606288350748422e-01,-1.638807307122177814e+00,-3.076912773670017476e-01,-7.032919195935738443e-01,-9.649029503155023280e-01,-9.024384966575059452e-02,2.149574534867286779e+00,-6.548837514448298258e-02,-5.664398537322192784e-01,-1.104616597526470789e+00,-2.959705989254668990e-01,-3.093625727395893713e-02,-7.955005500532910112e-01,-7.333128075836656823e-01,3.481692352418086500e-01,-2.311016075929965274e-01,6.632580896791739899e-01,-6.054157973815383897e-01,1.578865194416488205e+00,7.316589270303924808e-01
2.391455806537870210e-01,5.517135478023173917e-02,1.589586741256432678e-01,-9.203832529446819288e-01,-6.157487035381035145e-01,-1.550014189358147831e+00,1.648504010268178943e+00,1.426158752019266229e+00,2.398671058952785706e-01,8.326507394644783178e-01,-7.736683335839200648e-01,3.270662091210220779e-01,3.777591697307178809e-01,2.989774561190176039e-01,9.361291483110824041e-01,1.397896261086735370e+00,6.783800988404703469e-01,-7.231680381760496878e-02,1.631597427532271549e+00,-4.558253477993688407e-01
-1.204066386644097320e-01,-3.321022773488251367e-01,6.103917643054127540e-01,2.530269084921402900e+00,1.855834485876084017e+00,-1.744187756553955193e+00,-4.487670131054991574e-01,-1.416603482425640603e+00,2.538560440645898711e-02,-6.038395527961509801e-01,2.029566968396753879e+00,-1.149554063257118175e+00,-1.378391785960938476e-01,-7.214312955717557818e-01,-2.802202798391713046e+00,-1.479315979963253591e+00,-1.188424421583019308e+00,3.802515663893694109e-01,1.098303540732512351e+00,1.660607559894514029e+00
9.101789080925919428e-01,7.863279621089761529e-01,6.326199420033171150e-02,-2.053215806414583788e+00,-8.491230457662061193e-01,-4.100496932025484709e-01,-9.444462559182503769e-01,3.791517355550818036e-01,-1.540797014444624802e+00,-9.559450004927769751e-01,-2.039114403027562528e+00,-3.459817756993864291e-01,4.814814737734621763e-01,-4.664190967359430617e-01,2.259308950690852136e+00,3.172182151913020554e-01,-4.225715166064269307e-02,4.223414406917684882e-01,-4.635959746460941999e-01,-1.702041386144059407e-02
-6.524085823870200418e-01,4.937417773491884487e-01,1.301846229564998403e+00,-1.285328829789109673e+00,-1.944737744352711406e+00,2.064492861359319420e+00,-2.030684467781494362e+00,1.020172711715799707e+00,6.898181645347883917e-01,2.863436888922795687e-01,-4.326595587806300602e-01,6.088438344754507625e-01,1.211145289682700854e+00,-1.161039390343665267e-01,-6.920498477843911589e-01,-3.909533751876010932e-01,1.536377054245797735e+00,-1.308191714615154044e+00,-1.045253366146954743e+00,-1.105406572324726111e-01
-1.797164615395618448e+00,1.932135532336964612e-01,4.005306845987061659e-01,1.235671481657348414e+00,2.137038945523410671e+00,5.972125044034249930e-01,1.001331017346729579e+00,1.801213990808534948e+00,1.103693957462150266e+00,-1.829049808569510049e-01,2.562532716572834546e-01,8.962484253561593395e-01,8.868646865827609638e-01,1.297342089092890616e+00,2.152404676396114658e-01,-8.022531717308107879e-01,-1.006365521678550312e+00,1.555250600398339067e+00,7.617498318158106956e-03,-8.152756611364585515e-01
8.793899419133700546e-01,5.426107834987963230e-01,-9.981917282318640838e-01,3.133806659361568769e-01,1.194663128149663356e+00,8.809375610809715429e-01,-2.994612860227618967e+00,4.366384746292930052e-01,-1.004322712214613444e+00,3.382254736851152965e-01,-3.247441907424655771e-01,6.517812617006160103e-01,-7.667048545369002932e-01,7.159388934369916857e-01,1.927289964997268290e-01,6.354245265539955057e-01,6.964386733914392780e-01,1.120734838779243070e+00,1.471000245410806345e-03,1.808131810578975429e+00
9.909091736848452125e-01,-1.684517255424882842e+00,5.680073592264200943e-01,-5.358340907741212522e-01,6.741337341703041997e-01,-9.467404109571895265e-01,-8.351926901914831225e-01,-9.108503776386525086e-01,2.155530537886848064e-01,3.191184000862823944e-01,-1.067015728836048671e+00,3.072647805055910286e-01,-1.776388616346575855e+00,8.065637678962596091e-01,1.402844740100243293e+00,-1.867091118097792268e-01,3.358447214053130181e-01,1.106986372754782622e+00,-1.638423625741792122e+00,1.148350580691126277e+00
4.804244961177867590e-01,8.313510579847682713e-01,1.525957560884808384e+00,-9.894492879424683363e-01,-2.565077828985802832e-01,2.642935721014741723e+00,-9.196506900626617576e-01,2.290467070530538773e+00,2.467660239799705779e-01,-4.122717546045429060e-01,-1.073826339839447641e+00,-4.034591834208012262e-01,-6.958351193495473375e-01,4.879726826630045866e-01,1.600267818748759119e+00,-9.681860639071049324e-01,-1.888347802177837986e-01,3.734361597739778160e-01,-1.830028550427810208e+00,5.401230264004940329e-01
-8.358560674816213343e-01,-1.032127514617075803e-01,-4.009861578964010187e-01,1.867520275756580972e+00,9.326645584872926831e-01,6.079925094063972635e-01,2.466489552524461781e-01,-1.368245095338390671e+00,4.607943277012555572e-01,-6.599427051023376567e-01,1.758953205353066096e+00,2.130171674298873552e-01,-2.563168936896427774e-01,-1.051390398660064562e+00,1.561279598955807035e+00,-9.420935888731158947e-01,-9.402702359572048252e-01,-2.057216715267271567e-01,5.993693725222970503e-01,-8.396324471731914096e-01
2.860125269781179647e-01,-1.109477553636145197e+00,-9.774648772458691681e-01,-3.237269219679064225e-01,3.061650664609284478e-01,-2.534554462084229964e+00,6.659671460695377743e-01,5.009922321799465950e-01,1.474344016509719080e-01,8.091802968531627283e-01,-5.842642261304856754e-01,-1.198092880191038212e+00,1.201697855667506420e+00,-5.475181006794317407e-01,-4.802490349949254389e-01,9.785672974460429829e-01,9.361075501096975948e-01,5.562697430192600212e-01,4.066570874668811730e-01,-1.375184479317240749e+00
-1.334258471402753443e+00,6.937731526901325108e-01,-8.129929885540773116e-01,-1.413635629086207990e+00,-1.169407045490532537e+00,1.077743805976262736e+00,-1.337015596684391627e-01,-7.306777528648248365e-01,-7.196043885517928729e-01,-4.217145129057893460e-02,-1.054737214370934817e+00,-2.868871923899076193e-01,-1.073052762911746866e-01,-1.595734381462668994e-01,-3.848798091812754563e-01,-1.346717505797555336e+00,9.435158931707400554e-02,-3.599673035720617476e-01,-6.162640209564740346e-02,-1.126825808756743541e+00
1.928639555503860181e-01,7.706730544633433322e-01,-1.778131437030125439e-01,-9.033439498079893770e-01,1.071995641830448598e+00,-7.565047058842289118e-02,1.821915097860405952e+00,2.466021862613344273e-01,-1.892361893317341393e+00,1.905063640560017646e+00,-1.760328396592426348e+00,-1.477721965984477720e-02,-3.550287310553740805e-01,-1.304397337833273218e-01,-6.255570351092533121e-01,-1.157017280815867855e+00,9.921368285185058200e-01,1.794451128559630515e+00,-3.004787855854222922e-01,4.209182841756565763e-01
-9.711045704444846161e-01,8.215857120497958022e-01,-1.103892990268877522e-01,-2.811807103799679464e+00,-1.993113421973801591e+00,7.826017516166135224e-02,8.005648034309967853e-01,-1.159420516399912948e+00,-7.826291558275251248e-01,8.758327615873309213e-01,-2.296723336692214623e+00,-1.151074684872267218e-01,-9.646120137337284017e-01,5.292646299360853623e-03,-8.593076697161272648e-02,3.148172045158237897e-01,1.942929380457716626e-01,-3.455380514875646680e-01,4.574156062209908113e-01,-3.952289826543543549e-01
-3.707040032204534374e-01,-9.327409107943778199e-01,-9.127834941352918063e-01,1.229643679061639405e+00,-1.282522979099434968e-01,9.789614541262708913e-02,4.524890926396463731e-01,-6.493379277303881203e-01,-1.945703083163958791e+00,-2.004215715498915085e+00,1.601434679982002729e+00,3.768765208508927378e-01,-1.884585844979447700e+00,-1.263068349102275389e+00,-2.342310502145216952e-02,-9.456157955562913831e-01,1.079194728112489177e+00,-9.615415551232644464e-01,-5.457119740177823752e-01,-4.481653626807080570e-01
-1.194986805268660301e+00,2.528035054191545283e-01,1.736774956976710804e+00,-1.128360112499975809e+00,-1.055126001980372985e+00,-3.931531947541128669e-01,1.774658560973333188e+00,7.694301781773038584e-01,-7.781835214561222402e-01,-7.564935288807482783e-01,-7.692135037774855411e-01,3.015140573967661775e-01,4.790952240982285781e-01,-4.080147090398968945e-01,3.305327432349157712e-01,-5.004096673042639498e-01,-1.452744572047692251e-01,-4.227615812836431619e-01,1.039096440378392661e+00,-1.622184475766908496e-01
2.690240731762466586e-01,1.267411654818656697e+00,1.104578473571476538e+00,-1.203741759733129468e+00,-9.807399284527443806e-01,1.259167129610813785e+00,-6.205312579833403147e-02,-1.495679516257016228e+00,7.303517903770193609e-01,-1.682142227670740953e-01,-9.071101176908197283e-01,3.779101017384750572e-01,-1.722007926968826264e-01,4.994982334686594583e-01,2.526368240355998385e+00,5.249178636458826652e-01,1.769921388196733725e+00,-2.897882499336723594e-01,1.324358749995839135e+00,7.041110221415821657e-01
-8.577026230468940415e-01,4.516585593883100380e-02,3.222216443155699172e-03,2.341376260856668168e+00,2.722537359608725005e+00,-1.348224510943540622e-01,-1.626321937826830100e+00,3.351056201959988767e-01,-1.591447875458031458e+00,1.374848733553365662e-02,1.277797620936112821e+00,-1.844701163628046148e+00,6.089623416545242307e-01,1.859346333851628286e+00,-2.437564359199356101e+00,1.354546631899805342e-01,1.114924559490279909e+00,1.470498923322023588e+00,-3.611131347398661151e-01,-5.840935467949193161e-01
-6.840108977372165722e-01,1.068509399316009079e+00,-6.894491845499376437e-01,-1.457090059403642668e+00,-4.345801952627514897e-01,-1.214077403094120600e+00,-6.878376110286823497e-01,-2.803554951845090848e-01,1.364531848102471301e+00,5.785214977288783977e-01,-1.547405674112523055e+00,3.496544569931739899e-01,-1.437791473801578457e+00,-4.533858038513876587e-01,-3.646935443916853870e-01,1.659550796189872113e+00,1.567038552723639677e-01,4.866811876964725059e-01,-7.641439239064430344e-01,-4.409226322925913766e-01
-1.000330348953705428e+00,1.615592672381679640e-01,-7.921150205651500409e-01,-6.358121950079191897e-01,8.356496699669813122e-01,-9.073001215253270191e-01,-7.905230218330772107e-01,-1.678688362828656633e+00,1.712305221343296546e+00,1.015665281542101228e+00,-1.287441033648397903e+00,7.010413411650970872e-01,-1.097496654770244717e+00,1.563404745028929455e+00,2.149655906260935223e-01,1.673985707010710033e+00,9.721923200291802958e-02,1.353296275306097307e+00,-4.174773498850339881e-01,2.242522209656818977e-01
-9.605043816331479967e-01,-2.288620040014528456e+00,1.029438828782767157e+00,9.525296216229119928e-01,-1.430435295438291787e-01,-5.394546333745013911e-01,-2.016406627799760098e+00,-7.097279658468882424e-01,7.714059486768455320e-01,1.319136876301575612e+00,1.266624199789134542e+00,-8.824188185499185488e-01,4.960009463439621902e-01,2.514844150215370111e-01,1.738872677454510907e+00,-7.931173627076716359e-01,9.943943913154988934e-01,-7.934701915546589213e-01,1.128594064514568451e+00,-2.756705345605569568e-01
1.740629445895330862e+00,9.172215421158560478e-01,5.882249291179366679e-01,-1.179213117218418816e+00,-2.160525366318799267e-01,-1.826911378304517664e+00,8.767267736904523767e-01,9.494055237932187419e-01,6.430545453392927380e-01,-4.304619118857929694e-01,-1.333304760757770824e+00,1.149379383367123975e+00,4.402227617534797133e-02,-5.704286766218814864e-02,-1.632549488331787313e-01,-2.934850548893774835e-01,-8.645528271104713225e-02,5.448188127966271388e-01,2.975143539549459093e-01,-4.031883068495333289e-01
2.756006739840563546e-01,5.072389511096152548e-01,9.380925409056455333e-01,1.735903348574128868e+00,2.573749080243791787e-01,2.444434559616325831e-01,-9.474885949068795332e-01,-4.103817936578705861e-01,-3.655510899860373031e-01,8.635196583813146143e-01,1.998968771008149181e+00,-8.047537406378693081e-01,-1.279161107028258249e+00,-1.162297003871490958e-01,5.289436184165822175e-01,1.435049386789154502e+00,2.461477886848441599e-01,-8.695369519005372583e-01,2.346647030526561650e+00,1.401344831291959636e+00
-1.742356197809230567e+00,6.051200840821666649e-01,-1.226196191783019085e+00,4.513944673876453262e-01,2.678921770537789904e-01,4.047618120404974928e-01,-1.319086397799670574e-01,3.296229821277380512e-01,-3.751471166612838637e-01,6.764607323616231849e-01,3.997992713694963340e-01,-3.820089555778202195e-01,-3.022497304550700314e-01,8.955559855513239853e-01,1.285984007080293035e+00,-1.303242754112315716e+00,-1.506998398214272061e+00,-2.475534022965408809e-03,-2.242589342516403406e-01,2.238435633129106928e-01
-7.823669669020897333e-01,-8.135959970945070285e-01,3.464944420067607167e-01,-9.001421449524414919e-01,1.061262048267581859e+00,-1.297379655956739875e+00,-7.311964594819723995e-02,-7.113063597427885520e-01,1.145262173019224727e+00,-7.999136231406647202e-01,-1.749948643221360456e+00,-2.200757798203555882e-01,-2.579855825448711115e-02,-5.216415099706189773e-01,-3.881541924822495826e-01,6.251186564337302132e-01,-5.992800267109062162e-02,1.780374742788817244e+00,1.308668752352179165e+00,-3.249349583204991232e-01
-1.328805775869556227e-01,-3.090129690471222212e-01,-1.383363955395055411e+00,-9.951053168689495410e-01,5.116009701444309554e-01,1.079618592036821090e+00,1.152331564783120044e+00,-1.466424327802513972e+00,-7.255973784635842971e-01,1.419531633207796739e-01,-1.539495259267158689e+00,-3.193284171450951892e-01,6.947491436560059297e-01,-1.676003806329976697e+00,5.210648764527585630e-01,-2.977908794017283256e-01,-5.757879698130661250e-01,1.231950550372064690e+00,6.915387510701865859e-01,-8.133642592042028552e-01
2.125870464375365920e-01,-6.028753363911903973e-02,-8.391241905992736783e-01,2.187181397559921692e+00,3.134823832821030720e+00,1.501152270061291982e-01,-6.429525533528904768e-01,-6.432576017887388087e-01,8.505306835234381913e-01,-1.487661522336792552e-01,8.403986546299470062e-01,9.600420496977001006e-02,7.912172392953507882e-02,2.780810479679439728e-01,-1.133592825638458867e+00,1.547031496990844524e+00,9.967596428198155500e-01,2.031968254396685936e+00,-4.511330369333481360e-02,1.587761523745367498e+00
-1.582938397335081904e+00,-1.188859257784028900e+00,3.900933226879264581e-01,-1.273959668620149088e+00,-8.016903048376661234e-01,-5.256729626954628753e-02,-5.963140384505081215e-01,1.887785967938285514e-01,1.955912308250694176e+00,-3.108861716984717138e-01,-1.101100260050041690e+00,9.740016626878340855e-02,-2.772592756426650151e+00,-5.068163542986875436e-01,5.238910238342056047e-01,6.103793791072051889e-01,8.842208704466140989e-02,-4.378432953091071500e-02,3.990463456401301956e-01,-1.936279805846506941e+00
-2.582796632969944550e+00,-3.479618559208458306e-01,-1.016738648609768925e+00,5.128145618207098355e-01,6.959760736131354042e-01,-4.367483374580073963e-01,-1.032643101892129600e+00,-4.060717962598319186e-01,2.273927751211284598e-01,1.154184030494019186e+00,2.203463712905928407e-01,1.725044164928659085e-01,9.945445703071174870e-02,-1.353388858147713369e+00,-5.352701645328444835e-01,-1.153950363652009425e+00,2.540520838501601764e-02,4.329945316598389216e-01,2.106202134206362417e-02,-1.642965293530609161e+00
-3.007838764760271122e-01,2.098494779230553053e-01,-1.432735489934108042e+00,-1.049996324589264063e+00,1.018348124556208933e+00,-8.837552319915496779e-02,2.224631640086067730e-01,3.814162542091708574e-01,-6.163805217221475508e-02,2.843145189979445209e-01,-1.910154435369909809e+00,4.154006261711268300e-01,-1.429991258685448408e+00,-1.240624599556227503e+00,6.749225724080680500e-02,-6.606085939769920090e-01,1.633808411289249321e-02,1.832408611059733738e+00,-1.031482460315257699e+00,9.837790681547566030e-02
-9.988487960953681410e-01,-5.654978063746562977e-01,5.483281304979799042e-01,2.406205156499104270e+00,1.349868069255743652e+00,1.318551018090836635e+00,-2.158068563961256903e+00,-2.467935577887517828e-01,-8.958157604108271110e-01,1.323976766753355225e-02,2.177842120236507917e+00,-1.219449276002772670e-01,-5.896320419510298061e-01,4.760313834381145193e-01,-1.079343166024995249e+00,-7.401367907395135504e-01,-1.142255514501802072e-01,-1.001711293894727017e-01,3.390592559424304153e-01,-2.392965911423441394e-01
-9.855107376841506506e-01,1.648134932207559578e+00,-1.115896985960394439e+00,-7.660546947357820269e-01,-2.936686329125327566e-01,-2.226751005151544893e-01,5.672902778526693890e-01,-1.616474188651032540e+00,-5.986539369229860741e-01,8.579239242923363262e-01,-7.746103537320390142e-01,1.141101866657573405e+00,8.525519394612319779e-01,1.642277554873339540e-01,-2.918373627478628163e-01,-1.471835007463586864e+00,-7.614922118116232985e-01,1.833246820582146164e-01,1.466578715574177627e+00,-3.534317487571990712e-01
1.519994860765772726e+00,9.295051114795280789e-01,2.768719058461280302e-01,-8.693850044520385900e-01,-1.293701563890187201e+00,1.237219142335065775e-01,-2.094603071206144751e+00,9.395322938556871506e-02,8.689634868967953674e-01,-5.693120534701850977e-01,-3.056056998591942242e-01,2.699043549407613707e-01,-1.416906113126259470e+00,5.822245913979242626e-01,9.430460873225178231e-01,1.719589307416194535e+00,-2.739677167189556339e+00,-8.606996188775200007e-01,-4.668455460527625167e-01,-1.301069541937039942e-01
-8.525858471706470043e-01,-1.114561184184125094e-02,-6.964157844693558141e-02,-7.818714416774197318e-02,-3.653805823167333156e-01,-5.911831037644297293e-01,-8.376780419079452589e-01,3.269625954044573790e-01,3.060182433851780723e-02,1.370989006291121415e+00,1.212189150478432953e-01,-5.098432421384790914e-01,9.971179807917595062e-01,1.149889987006237450e-02,3.300351145103116446e-01,2.295975560795144449e-02,2.225944331738258786e+00,-3.545288721030090962e-01,3.248696157961860620e-01,-6.677202863593993953e-01
-1.045524557069465788e+00,1.117305315536664567e+00,3.019892103575529396e-01,-1.247430762091361167e+00,-1.091402940812163797e-01,1.376898259033473293e-01,-7.537044661806008294e-01,-6.780954607862469397e-01,1.669250806376968654e+00,9.853175089398669151e-01,-1.481739570005533801e+00,7.669196696611989550e-01,-1.775887999961828889e+00,-5.189002044248520740e-01,7.539914669784796297e-01,-1.084856059461445144e+00,1.065315492097994809e+00,7.092165932574368004e-01,4.026255311300351858e-01,-2.069447105572910228e-01
-6.600563201340828856e-01,4.986902749098274801e-01,8.640523004976479182e-01,-5.973218447748447346e-01,-1.436834012027965901e+00,1.742668780655631133e+00,2.842796708072146128e-01,-9.130792180417963699e-01,-2.369586905226602980e+00,2.421179609851230041e-01,1.172410609412857518e-01,-8.887202573536308048e-01,1.412327706037443065e+00,1.047972155968052821e+00,-1.681218215494433510e+00,1.758189532960280077e-01,-8.889713580954499150e-01,-1.201144349292254443e+00,9.367424635352571416e-01,-2.226056809483204779e-01
8.753147092167086474e-02,6.071116719160458697e-01,5.182038948242156245e-02,-7.102336334648423621e-01,-1.440991082992061800e+00,3.283012950007553887e-01,-8.602624519575188256e-01,-3.166552950521069332e-01,6.774621693464116801e-01,-4.012347099111824300e-01,-2.029592514142159951e-02,-8.000824760846012573e-01,-8.570781886711646980e-01,-1.048170406825473133e+00,5.969064812479538684e-01,9.387468756823100779e-01,-9.872866934576524089e-01,-1.130582061992270404e+00,-1.043129498035355596e+00,-4.012978051335100438e-01
2.745163577239395081e-01,-1.157355259190853580e+00,4.509344618059148435e-01,-1.451259441307942266e+00,-1.553997814807232203e+00,2.256723497298209313e+00,-1.576670161638158985e-01,9.432607249694947571e-01,-1.755890583437719421e+00,7.732529774025996838e-01,-8.717458260209808296e-01,-1.183880640193317735e+00,6.063195243593807460e-01,-3.122922511256933098e-01,7.471883342046318210e-01,-8.909150829955279072e-01,-1.188944955203736109e+00,-7.628844164635871783e-01,-2.659172237996740851e+00,-7.047002758562337377e-01
1.592504683737024362e-01,-1.446421063983328592e+00,-3.480463796426194190e-01,-8.943658756666219567e-01,3.004951952793395997e-01,-1.377792142857706681e-01,3.194318333315306346e-01,-1.348424319121700909e+00,-2.559576692142683241e-01,5.128364575927566449e-01,-1.288514630171662567e+00,-3.263184621583181122e-01,-5.946497697204053967e-01,-4.523502755690916866e-01,-4.015575444993436105e-01,-1.958548955136538705e+00,-4.684760446797231470e-01,9.299503177551005084e-01,6.027076564293295524e-01,-9.571474731510167810e-01
1.008597286860103637e+00,-7.239287040586021016e-01,2.183970731299370305e-01,-2.415271003594157140e-01,2.651996203105795868e-01,1.548066801378738644e+00,-7.967753063063008900e-01,-4.468362536626211967e-01,4.428461137467389896e-01,-1.312849674549791734e+00,-4.578687619407588727e-01,1.414874135922422393e+00,-2.163439782957261026e-01,-1.119628233680454388e+00,-1.837557302499922551e-01,5.275973827743158928e-01,8.246182196384677088e-01,4.559464978500705756e-01,1.564762569462989639e-01,-6.174330145790107166e-02
2.509981160083239460e-01,9.600477411499278579e-01,-1.962732009140752076e+00,-9.865850877151031151e-01,-8.482147349846389517e-01,1.123905305614439021e+00,-2.768229947738883312e-01,-5.100295397556169341e-01,-8.963697225521801704e-01,1.879179177425780237e-02,-7.169529842687832888e-01,-5.937774477786674776e-01,5.897036055747238992e-01,-4.164990824366924804e-01,1.392518449434272387e+00,1.054757925180282774e+00,1.037585667050634042e+00,-2.869200001717422399e-01,-2.011880319244709003e+00,-1.734638970728791252e-01
-7.803044065015394271e-01,1.045023375502690532e+00,3.592491565134564024e-01,-1.148557766423035753e+00,9.076044139957537005e-02,-1.263172912085154254e+00,-3.406923438779304592e-01,1.151733974780799086e+00,5.053869385773427370e-01,1.315739679080687174e-01,-1.478494706727733643e+00,-1.405560047391889889e+00,2.023471949769974021e+00,5.990395263761840727e-01,-5.892289865101497659e-01,2.711127964467148765e-01,-4.484650062040592688e-01,8.658254600723945815e-01,-3.497821801115368889e-01,-2.777359145427433340e+00
8.261103215620101137e-02,1.892210388219473655e-02,5.391612741141965648e-01,-1.537164482458306836e+00,7.317120819146170907e-02,1.013972154112161350e+00,-9.571580982754103184e-01,5.887424068075064465e-01,1.005812087289631868e-01,-1.005311872348858770e+00,-1.949893873883380424e+00,1.014071466682110040e-01,6.620742889997063285e-01,-8.203415314548415105e-02,3.843234052112453059e-01,-8.215345170195275104e-01,1.009711854811714327e+00,1.105026474884947874e+00,2.171164949318165949e+00,-1.730276061550085842e+00
-3.441964564673812288e-01,-8.688625468659522122e-01,1.161533803559117173e+00,6.731149622919456732e-01,9.054153700658307269e-01,-9.562584224322827620e-01,-5.319938094111618110e-01,1.329141282745553321e+00,2.050866252318538085e-01,4.038960208359738124e-01,2.940702323913253480e-01,1.936712462402552015e+00,3.822027877852935962e-01,6.563907508593024298e-01,-4.834462377981961489e-02,-2.527106720416066876e-01,-6.081012569516899280e-01,5.593131963144457597e-01,-1.451905529431747333e+00,1.658635226535373208e-01
-6.280875596415789186e-01,2.303916697683941806e+00,-4.607197873885532924e-01,-2.222443485702643606e+00,-2.786374039674236691e+00,1.136891362602695299e+00,-1.359497006783208228e-01,5.829536797532935966e-01,6.663830820319143200e-01,-1.306526851735316574e+00,-1.092193552609305396e+00,1.658130679618188053e+00,-6.801782039968503613e-01,-1.060015822721547263e+00,-3.994490292628751771e-01,-4.810271184607877171e-01,3.700558878475187496e-01,-1.620733747042340411e+00,-1.181640451285697613e-01,9.772496771485560119e-02
-3.559514930468063443e-01,9.265583009670964598e-01,-1.498915917331393177e-01,1.044214472038335506e+00,2.448190349139855115e+00,-3.529673960291555834e-02,-1.116949553746723556e+00,1.127783630127802361e+00,4.307711349456414540e-01,-9.239120158100020408e-01,-1.669635857777087284e-01,1.412151698298630853e+00,-5.359145616661618039e-01,5.580818806186658154e-01,8.811310970996323322e-01,2.540231620759171527e+00,1.032989194519945642e+00,2.028990234337061160e+00,-1.380430752307269193e+00,2.412039642189525157e-01
-1.226621659396615494e+00,-5.535254802238957078e-02,1.471321956142338294e+00,6.815206771027395583e-01,7.618043278846555744e-01,-1.527744235454086830e-01,3.528166064943783486e-01,1.276075346006187550e+00,3.644812492405055671e-01,4.513401543201027433e-02,3.902473455403299152e-01,2.339624806020057957e+00,-2.595769818340394330e-01,-2.639373485926878593e-01,1.325014052886815286e+00,9.674461500502350431e-01,2.053325637779596924e-01,3.939060755734260511e-01,-2.764328450158372030e-01,-1.298686722163090224e+00
-6.522935999350191194e-01,-1.843069550156648528e+00,-1.128011331470006873e+00,-4.473693103707695462e-01,-5.085890180828015472e-01,6.203582983435125264e-01,-4.796558140079476562e-01,3.770889086269340121e-03,-2.677335368939664506e-01,-1.568211160255476855e-02,-2.510822715809212236e-01,1.609281682982229844e-01,-3.948495140334503106e-01,-4.779740040404866774e-01,9.318483741143036569e-01,-5.211893123011108742e-01,3.399649838012619996e-01,-2.680512096708635994e-01,-1.906534935813993525e-01,6.984571491073360283e-01
-9.087632459590531120e-01,8.625960113284510955e-01,-5.142339659399888241e-01,-9.803584587500889791e-01,-1.846962890586690831e+00,5.531320642075839844e-01,1.513328082573205169e+00,2.205076557571732931e-01,-6.585529668050037477e-01,1.100284338220373748e+00,-1.128565030038877481e-01,1.298021972326221185e+00,-7.392466628041513554e-02,-2.655619092974932816e+00,-1.029935283308976546e+00,-4.243176209779014885e-01,-3.499433645891047440e-01,-1.402468862787892512e+00,2.696224052563579665e+00,-4.570396066023485471e-02
-2.121176444902435954e+00,1.966763971934739841e+00,-9.657236532908345522e-03,-1.078945667695887511e-01,1.140127610195863284e+00,1.419255045910951196e+00,8.658318016541909079e-02,-1.391505269404219591e+00,4.008856791041211509e-01,-3.416780975958805810e-01,-8.145933633680680908e-01,2.429091413778038805e-02,-8.859664820409528518e-01,-1.962339649435420053e-01,8.690063428187611017e-01,-1.838846603758498510e+00,1.841812647035462880e-01,1.340576242495813641e+00,1.279812020628021907e+00,9.341797484997248491e-01
1.404545514939711914e+00,-1.481245962197298427e+00,5.310425069780596585e-01,-8.318398647044645822e-01,1.507420965953343295e-01,-1.171160461450080348e+00,1.518759336963580120e+00,-2.683727352093812080e-01,2.066905117080032883e-01,1.221384959459198338e+00,-1.121556644294621652e+00,-1.928418285439646718e-01,-1.530803497399492619e+00,-1.272558135032316962e+00,-1.697582939024854798e-01,1.464407704782498543e-01,-1.341327827684201113e-01,7.216694959200302684e-01,-3.331928284515295324e-02,7.644974530335335583e-01
-1.043434914946926445e-01,-1.177628962482630826e+00,1.696181572828160622e+00,-1.365085488245463274e-01,5.778227116806210484e-01,-1.329884223095919860e-01,1.754986153742058574e+00,5.557869640828729807e-01,4.481952844233124678e-01,-1.824256655937829930e+00,-5.143119923571248808e-01,3.036039044620014171e-01,-1.661598291114563697e+00,-1.140196300934961604e+00,1.034931456629935298e-02,-9.880019424937344086e-01,7.200337593416528126e-01,7.338999623284565565e-01,7.726948371023817375e-01,-7.657021944780862954e-01
1.839254943403099418e-01,-1.601836048972536952e+00,-1.284552297992527237e+00,9.232814514163201203e-01,-6.230425160474046820e-01,1.243319384455154886e+00,-9.327890415064382656e-01,5.872593793998259759e-01,5.640085350738091030e-01,-5.075176016573570426e-01,1.516972417887727076e+00,-1.051880102551673968e+00,-2.245321648371402024e+00,-8.871809418450402607e-01,-5.053583172644099397e-01,-3.854897603756082813e-01,-8.157915419939713031e-01,-1.308134508992747191e+00,2.497200391587007129e+00,8.126740421090423716e-01
2.967331724941133508e-01,-4.961023339825623713e-01,-8.640449911023695417e-01,1.709102423146727112e+00,3.015494477650767710e-02,1.569259614535904346e+00,1.223198363881738623e-02,7.966721083646713941e-01,-4.063031304450625547e-01,2.255816635688035199e-01,2.101411720587785581e+00,1.389145315677927428e+00,-3.067657760270045553e-01,-7.480498268034106724e-02,-6.579260925367952373e-01,8.299861590811031808e-01,9.688826385630507909e-01,-1.104539516059606541e+00,2.014060154918468015e+00,6.904290243830489837e-01
8.617684238012002229e-02,9.836361957891794905e-01,1.712435451522124896e-01,-8.118157668316250408e-03,1.896342394063197601e+00,-3.907979960810135656e-01,2.523314313845212431e-01,-1.406104771391010866e+00,-6.470535263827592587e-01,2.153119792570582725e+00,-1.142415827390721894e+00,4.683049076895917096e-01,6.572676903047772745e-01,-8.561495423049708675e-02,-1.604738529860987084e+00,2.190898013239840125e+00,1.458714749675993572e+00,2.115647338564103919e+00,1.127379412357372573e-01,1.209850126410304982e+00
-1.582494477981758463e+00,-1.422794908626342725e+00,-5.643010333021604152e-01,-1.117453357834834460e+00,4.695370983187484581e-01,1.405365438724420324e+00,-2.115056015187807503e+00,-8.244091213278346153e-01,-8.511560251940573918e-02,-8.137944832313058763e-01,-1.666098917682631519e+00,-1.449117610736930351e+00,5.410082199598076347e-01,1.922324755444398514e+00,4.225803722728827538e-01,2.243601894582640366e+00,5.474805721046650531e-01,1.266613942432767148e+00,-1.317717343140765385e+00,1.618054269000225531e+00
